{
  "algorithm": "ddqn",
  "seed": 5,
  "total_episodes": 100000,
  "final_training_reward": -0.03604507211430237,
  "best_eval_reward": 0.014077652238544071,
  "final_metrics": {
    "expected_return": -0.54,
    "sharpe_ratio": -0.01910573977824694,
    "win_rate": 0.37,
    "episode_count": 100000
  }
}