{
  "algorithm": "dueling_ddqn",
  "total_episodes": 10000,
  "final_training_reward": -0.15576935410934428,
  "best_eval_reward": 0.25666592648525394,
  "final_metrics": {
    "expected_return": 0.2,
    "sharpe_ratio": 0.045083481733371615,
    "win_rate": 0.31,
    "episode_count": 10000
  }
}