{
  "algorithm": "ppo",
  "total_episodes": 10000,
  "final_training_reward": -0.15259999999999999,
  "best_eval_reward": -0.09180000000000003,
  "final_metrics": {
    "expected_return": -0.26,
    "sharpe_ratio": -0.03316124476329346,
    "win_rate": 0.33,
    "episode_count": 10000
  }
}