{
  "algorithm": "ddqn",
  "total_episodes": 10000,
  "final_training_reward": 0.12932862558748898,
  "best_eval_reward": 0.6698768319746066,
  "final_metrics": {
    "expected_return": 0.24,
    "sharpe_ratio": 0.017586311452816476,
    "win_rate": 0.18,
    "episode_count": 10000
  }
}