{
  "algorithm": "dqn",
  "seed": 15,
  "total_episodes": 100000,
  "final_training_reward": -0.008515501580611633,
  "best_eval_reward": 0.01615659165693666,
  "final_metrics": {
    "expected_return": -0.39,
    "sharpe_ratio": -0.014592836972877915,
    "win_rate": 0.4,
    "episode_count": 100000
  }
}