{
  "algorithm": "dueling_ddqn",
  "total_episodes": 10000,
  "final_training_reward": -0.06159064163729225,
  "best_eval_reward": 0.026469568214684953,
  "final_metrics": {
    "expected_return": -0.04,
    "sharpe_ratio": -0.012751534261266767,
    "win_rate": 0.03,
    "episode_count": 10000
  }
}