{
  "algorithm": "ddqn",
  "seed": 5,
  "total_episodes": 100000,
  "final_training_reward": 0.6621611911201991,
  "best_eval_reward": 1.3903778969932348,
  "final_metrics": {
    "expected_return": 0.9,
    "sharpe_ratio": 0.017059779848373507,
    "win_rate": 0.45,
    "episode_count": 100000
  }
}