{
  "algorithm": "ddqn",
  "seed": 5,
  "total_episodes": 100000,
  "final_training_reward": -0.41179999999999994,
  "best_eval_reward": 0.007600000000000029,
  "final_metrics": {
    "expected_return": -0.27,
    "sharpe_ratio": -0.035451627862045115,
    "win_rate": 0.33,
    "episode_count": 100000
  }
}