{
  "algorithm": "dueling_ddqn",
  "total_episodes": 10000,
  "final_training_reward": 0.14346205976034238,
  "best_eval_reward": 0.7142178343962722,
  "final_metrics": {
    "expected_return": 0.49,
    "sharpe_ratio": 0.01824693485103989,
    "win_rate": 0.45,
    "episode_count": 10000
  }
}