{
  "algorithm": "dqn",
  "total_episodes": 10000,
  "final_training_reward": -0.1312740382800556,
  "best_eval_reward": 0.264559081248209,
  "final_metrics": {
    "expected_return": 0.35,
    "sharpe_ratio": 0.035047238815946395,
    "win_rate": 0.26,
    "episode_count": 10000
  }
}