{
  "algorithm": "ddqn",
  "total_episodes": 10000,
  "final_training_reward": -0.23910225662509035,
  "best_eval_reward": 0.18227755079143745,
  "final_metrics": {
    "expected_return": 0.03,
    "sharpe_ratio": 0.022552540122880063,
    "win_rate": 0.18,
    "episode_count": 10000
  }
}