{
  "algorithm": "ppo",
  "total_episodes": 10000,
  "final_training_reward": -0.26307746094272305,
  "best_eval_reward": -0.07034272936191525,
  "final_metrics": {
    "expected_return": -0.26,
    "sharpe_ratio": -0.022063741716486954,
    "win_rate": 0.37,
    "episode_count": 10000
  }
}