{
  "algorithm": "ddqn",
  "total_episodes": 10000,
  "final_training_reward": 0.23017885062983112,
  "best_eval_reward": 0.6162994543743069,
  "final_metrics": {
    "expected_return": 0.36,
    "sharpe_ratio": 0.03288102833790711,
    "win_rate": 0.28,
    "episode_count": 10000
  }
}