{
  "algorithm": "ppo",
  "seed": 5,
  "total_episodes": 100000,
  "final_training_reward": -0.5307999999999999,
  "best_eval_reward": 0.01700000000000002,
  "final_metrics": {
    "expected_return": -0.14,
    "sharpe_ratio": -0.025264557631995567,
    "win_rate": 0.36,
    "episode_count": 100000
  }
}