{
  "algorithm": "dueling_ddqn",
  "total_episodes": 10000,
  "final_training_reward": 0.42873476195921967,
  "best_eval_reward": 0.5364959688612433,
  "final_metrics": {
    "expected_return": 0.62,
    "sharpe_ratio": 0.02381848115971521,
    "win_rate": 0.23,
    "episode_count": 10000
  }
}