{
  "algorithm": "dqn",
  "total_episodes": 10000,
  "final_training_reward": 0.05845800368410238,
  "best_eval_reward": 0.24501905428396104,
  "final_metrics": {
    "expected_return": 0.54,
    "sharpe_ratio": 0.039286061307829176,
    "win_rate": 0.23,
    "episode_count": 10000
  }
}