{
  "algorithm": "ddqn",
  "seed": 10,
  "total_episodes": 100000,
  "final_training_reward": -0.05091935288143341,
  "best_eval_reward": 0.01240731742079079,
  "final_metrics": {
    "expected_return": -0.52,
    "sharpe_ratio": -0.009373474493521753,
    "win_rate": 0.42,
    "episode_count": 100000
  }
}