{
  "algorithm": "ddqn",
  "seed": 10,
  "total_episodes": 100000,
  "final_training_reward": -0.0228,
  "best_eval_reward": 0.10459999999999997,
  "final_metrics": {
    "expected_return": -0.26,
    "sharpe_ratio": -0.03236694374850748,
    "win_rate": 0.34,
    "episode_count": 100000
  }
}