{
  "algorithm": "dqn",
  "seed": 15,
  "total_episodes": 100000,
  "final_training_reward": 0.6034964857107311,
  "best_eval_reward": 1.3180425805603957,
  "final_metrics": {
    "expected_return": 0.82,
    "sharpe_ratio": 0.0125,
    "win_rate": 0.45,
    "episode_count": 100000
  }
}