{
  "algorithm": "ddqn",
  "total_episodes": 10000,
  "final_training_reward": -0.19488506896219365,
  "best_eval_reward": 0.7490374439629736,
  "final_metrics": {
    "expected_return": -0.15,
    "sharpe_ratio": 0.015377478805374007,
    "win_rate": 0.41,
    "episode_count": 10000
  }
}