{
  "algorithm": "dueling_ddqn",
  "total_episodes": 10000,
  "final_training_reward": -0.15685864931170307,
  "best_eval_reward": 0.20002804420535208,
  "final_metrics": {
    "expected_return": -0.08,
    "sharpe_ratio": -0.0010370074493179179,
    "win_rate": 0.46,
    "episode_count": 10000
  }
}