{
  "algorithm": "ddqn",
  "seed": 15,
  "total_episodes": 100000,
  "final_training_reward": 0.7967907749795851,
  "best_eval_reward": 1.4331349462779719,
  "final_metrics": {
    "expected_return": 1.04,
    "sharpe_ratio": 0.013319179368121247,
    "win_rate": 0.42,
    "episode_count": 100000
  }
}