{
  "algorithm": "ppo",
  "seed": 10,
  "total_episodes": 100000,
  "final_training_reward": -0.3267922454979127,
  "best_eval_reward": 0.38424906253065316,
  "final_metrics": {
    "expected_return": -0.39,
    "sharpe_ratio": -0.007642227031690015,
    "win_rate": 0.33,
    "episode_count": 100000
  }
}