{
  "algorithm": "dueling_ddqn",
  "seed": 10,
  "total_episodes": 100000,
  "final_training_reward": -0.21500907283070533,
  "best_eval_reward": 1.4368152493945636,
  "final_metrics": {
    "expected_return": -0.23,
    "sharpe_ratio": -0.01181334702369787,
    "win_rate": 0.33,
    "episode_count": 100000
  }
}