{
  "algorithm": "ppo",
  "total_episodes": 10000,
  "final_training_reward": 0.019482642775345844,
  "best_eval_reward": 0.02563278800746232,
  "final_metrics": {
    "expected_return": 0.2,
    "sharpe_ratio": -0.0026270346874636688,
    "win_rate": 0.28,
    "episode_count": 10000
  }
}