{
  "algorithm": "dqn",
  "total_episodes": 10000,
  "final_training_reward": 0.4905264005408238,
  "best_eval_reward": 0.7077244139710497,
  "final_metrics": {
    "expected_return": 0.69,
    "sharpe_ratio": 0.05324915566244339,
    "win_rate": 0.3,
    "episode_count": 10000
  }
}