{
  "algorithm": "dueling_ddqn",
  "seed": 15,
  "total_episodes": 100000,
  "final_training_reward": 0.19647822951240707,
  "best_eval_reward": 1.3919772524313072,
  "final_metrics": {
    "expected_return": 0.28,
    "sharpe_ratio": -0.019133254674559137,
    "win_rate": 0.31,
    "episode_count": 100000
  }
}