{
  "algorithm": "ppo",
  "seed": 5,
  "total_episodes": 100000,
  "final_training_reward": -0.6019004339665157,
  "best_eval_reward": 0.30276899343326125,
  "final_metrics": {
    "expected_return": -0.55,
    "sharpe_ratio": 0.01095171356386787,
    "win_rate": 0.41,
    "episode_count": 100000
  }
}