{
  "algorithm": "ddqn",
  "seed": 15,
  "total_episodes": 100000,
  "final_training_reward": -0.015874679573422305,
  "best_eval_reward": 0.008884310527504193,
  "final_metrics": {
    "expected_return": -0.15,
    "sharpe_ratio": -0.018490982138073722,
    "win_rate": 0.4,
    "episode_count": 100000
  }
}