{
  "algorithm": "dueling_ddqn",
  "seed": 5,
  "total_episodes": 100000,
  "final_training_reward": -0.40260000000000007,
  "best_eval_reward": 0.08559999999999998,
  "final_metrics": {
    "expected_return": -0.99,
    "sharpe_ratio": -0.03715214247039927,
    "win_rate": 0.3,
    "episode_count": 100000
  }
}