{
  "algorithm": "dqn",
  "total_episodes": 10000,
  "final_training_reward": -0.24589941280933186,
  "best_eval_reward": 0.2985375639498296,
  "final_metrics": {
    "expected_return": -0.27,
    "sharpe_ratio": -0.01711058697538658,
    "win_rate": 0.37,
    "episode_count": 10000
  }
}