{
  "algorithm": "dqn",
  "total_episodes": 10000,
  "final_training_reward": 0.011885312414293914,
  "best_eval_reward": 0.9520814052273063,
  "final_metrics": {
    "expected_return": 0.29,
    "sharpe_ratio": 0.009270913297111993,
    "win_rate": 0.41,
    "episode_count": 10000
  }
}