{
  "algorithm": "dqn",
  "total_episodes": 10000,
  "final_training_reward": 0.03361215673941329,
  "best_eval_reward": 0.5718768494523361,
  "final_metrics": {
    "expected_return": 0.14,
    "sharpe_ratio": 0.03888738906373248,
    "win_rate": 0.25,
    "episode_count": 10000
  }
}